Book Id,Title,Author,Author l-f,Additional Authors,ISBN,ISBN13,My Rating,Average Rating,Publisher,Binding,Number of Pages,Year Published,Original Publication Year,Date Read,Date Added,Bookshelves,Bookshelves with positions,Exclusive Shelf,My Review,Spoiler,Private Notes,Read Count,Owned Copies
50702014,"Paladin's Grace (The Saint of Steel, #1)",T. Kingfisher,"Kingfisher, T.",,,,0,4.2,Red Wombat Studio,Kindle Edition,366,2020,2020,,11/4/2022,to-read,to-read (#71),to-read,,,,0,0
34532,"Hogfather (Discworld, #20; Death, #4)",Terry Pratchett,"Pratchett, Terry",,552154288,9.78055E+12,0,4.24,Corgi,Paperback,432,2006,1996,,10/30/2022,currently-reading,currently-reading (#2),currently-reading,,,,1,0
34502,"Soul Music (Discworld, #16; Death, #3)",Terry Pratchett,"Pratchett, Terry",,057506689X,9.78058E+12,3,4.04,Gollancz,Hardcover,424,1999,1994,10/27/2022,8/28/2022,,,read,,,,1,0
140974,"The Path of Daggers (The Wheel of Time, #8)",Robert Jordan,"Jordan, Robert",,812550293,9.78081E+12,0,3.92,Tor Books,Mass Market Paperback,685,1999,1998,,10/16/2022,currently-reading,currently-reading (#1),currently-reading,,,,1,0
13890,"A Crown of Swords (The Wheel of Time, #7)",Robert Jordan,"Jordan, Robert",,812550285,9.78081E+12,3,4.05,Tor Books,Mass Market Paperback,880,1997,1996,10/14/2022,9/23/2022,,,read,,,,1,0
59756995,"The Ink Black Heart (Cormoran Strike, #6)",Robert Galbraith,"Galbraith, Robert",Robert Glenister,,,3,4.14,Mulholland,Audible Audio,944,2022,2022,9/22/2022,8/31/2022,,,read,,,,1,0
35231,"Lord of Chaos (The Wheel of Time, #6)",Robert Jordan,"Jordan, Robert",,812513754,9.78081E+12,3,4.16,Tom Doherty Associates,Mass Market Paperback,1011,1995,1994,8/29/2022,8/3/2022,,,read,,,,1,0
54493401,Project Hail Mary,Andy Weir,"Weir, Andy",,593135202,9.78059E+12,3,4.52,Ballantine Books,Hardcover,476,2021,2021,8/28/2022,8/21/2022,,,read,,,,1,0
18079767,Solving the Procrastination Puzzle: A Concise Guide to Strategies for Change,Timothy A. Pychyl,"Pychyl, Timothy A.",,399168125,9.7804E+12,3,3.7,TarcherPerigee,Paperback,128,2013,2013,8/20/2022,8/15/2022,bussiness-self-development,bussiness-self-development (#29),read,,,,1,0
34517,"Reaper Man (Discworld, #11; Death, #2)",Terry Pratchett,"Pratchett, Terry",,552152951,9.78055E+12,3,4.28,Corgi,Paperback,352,2005,1991,8/14/2022,7/14/2022,,,read,,,,1,0
187065,"New Spring (The Wheel of Time, #0)",Robert Jordan,"Jordan, Robert",,1841492612,9.78184E+12,3,4.05,Orbit,Paperback,423,2004,2004,8/3/2022,7/28/2022,,,read,,,,1,0
20170404,Station Eleven,Emily St. John Mandel,"Mandel, Emily St. John",,385353308,9.78039E+12,0,4.07,Knopf,Hardcover,333,2014,2014,,8/1/2022,to-read,to-read (#70),to-read,,,,0,0
13895,"The Fires of Heaven (The Wheel of Time, #5)",Robert Jordan,"Jordan, Robert",,1857232097,9.78186E+12,4,4.18,Orbit,Paperback,912,1994,1993,7/28/2022,7/2/2022,,,read,,,,1,0
53447,El túnel,Ernesto Sabato,"Sabato, Ernesto",Nino Pipia,9871144261,9.78987E+12,0,4.03,Booket,Paperback,158,2003,1948,,7/24/2022,to-read,to-read (#69),to-read,,,,0,0
52578297,The Midnight Library,Matt Haig,"Haig, Matt",,,,0,4.03,Viking,Hardcover,288,2020,2020,,7/18/2022,to-read,to-read (#68),to-read,,,,0,0
186766,Matadero Cinco,Kurt Vonnegut Jr.,"Jr., Kurt Vonnegut",Margarita García de Miró,8433920316,9.78843E+12,0,4.09,Editorial Anagrama,Paperback,188,2006,1969,,7/17/2022,to-read,to-read (#67),to-read,,,,0,0
4898,Blue Ocean Strategy: How to Create Uncontested Market Space and Make the Competition Irrelevant,W. Chan Kim,"Kim, W. Chan",Renée Mauborgne,1591396190,9.78159E+12,3,3.99,Harvard Business Review Press,Hardcover,240,2005,1994,7/13/2022,6/21/2020,,,read,,,,1,0
1301,Moneyball: The Art of Winning an Unfair Game,Michael   Lewis,"Lewis, Michael",,393324818,9.78039E+12,4,4.25,W. W. Norton  Company,Paperback,317,2004,2003,7/4/2022,6/21/2020,,,read,,,,1,0
9539,"The Shadow Rising (The Wheel of Time, #4)",Robert Jordan,"Jordan, Robert",,812513738,9.78081E+12,4,4.26,Tom Doherty Tor Fantasy,Mass Market Paperback,1007,1993,1992,7/1/2022,5/30/2022,,,read,,,,1,0
34897,"The Dragon Reborn (The Wheel of Time, #3)",Robert Jordan,"Jordan, Robert",,765305119,9.78077E+12,3,4.27,Tor Books,Mass Market Paperback,624,2002,1991,5/28/2022,5/10/2022,,,read,,,,1,0
233649,"The Great Hunt (The Wheel of Time, #2)",Robert Jordan,"Jordan, Robert",,812517725,9.78081E+12,3,4.25,Tor Books,Mass Market Paperback,705,1991,1990,,5/8/2022,,,read,,,,1,0
20249,"Hunters of Dune (Dune, #7)",Brian Herbert,"Herbert, Brian",Kevin J. Anderson,765312921,9.78077E+12,2,3.67,Tor Books,Hardcover,524,2006,2006,5/8/2022,2/16/2022,,,read,,,,1,0
228665,"The Eye of the World (The Wheel of Time, #1)",Robert Jordan,"Jordan, Robert",Роберт Джордан,812511816,9.78081E+12,4,4.19,Tor Books,Mass Market Paperback,800,1990,1990,4/17/2022,7/31/2020,,,read,,,,1,0
32758901,"All Systems Red (The Murderbot Diaries, #1)",Martha Wells,"Wells, Martha",,,,0,4.16,Tor.com,ebook,144,2017,2017,,4/13/2022,to-read,to-read (#66),to-read,,,,0,0
20451634,おやすみプンプン コミック 全13巻完結セット (Oyasumi Punpun Box Set),Inio Asano,"Asano, Inio",,,,2,4.68,小学館 ― Shogakukan,,2956,2013,2007,3/8/2022,2/14/2022,manga,manga (#10),read,,,,1,0
3758,"Casino Royale (James Bond, #1)",Ian Fleming,"Fleming, Ian",,014200202X,9.78014E+12,0,3.74,Penguin,Paperback,192,2002,1953,,3/4/2022,to-read,to-read (#65),to-read,,,,0,0
6088007,"Neuromancer (Sprawl, #1)",William Gibson,"Gibson, William",,,,0,3.9,Ace,Kindle Edition,292,2000,1984,,8/17/2021,to-read,to-read (#64),to-read,,,,0,0
25451264,"Death's End (Remembrance of Earth’s Past, #3)",Liu Cixin,"Cixin, Liu",Ken Liu,765377101,9.78077E+12,3,4.43,TOR,Hardcover,604,2016,2010,2/12/2022,1/25/2022,,,read,,,,1,0
62111,The Swiss Family Robinson,Johann David Wyss,"Wyss, Johann David","Scott McKowen, Arthur Pober",1402726023,9.7814E+12,0,3.91,Sterling,Hardcover,345,2006,1812,,2/5/2022,to-read,to-read (#63),to-read,,,,0,0
70535,2001: A Space Odyssey,Arthur C. Clarke,"Clarke, Arthur C.",,451457994,9.78045E+12,3,4.16,Roc,Paperback,297,2000,1968,1/30/2022,8/4/2020,,,read,,,,1,0
6617185,Soccernomics,Simon Kuper,"Kuper, Simon",Stefan Szymanski,1568584253,9.78157E+12,0,3.94,Nation Books,Paperback,328,2009,2009,,1/25/2022,to-read,to-read (#62),to-read,,,,0,0
23168817,"The Dark Forest (Remembrance of Earth’s Past, #2)",Liu Cixin,"Cixin, Liu","Eisso Post, Joel Martinsen, Bruno Roubicek, Richard Heufkens",,,4,4.41,Tor Books,Hardcover,512,2015,2008,1/23/2022,1/9/2022,,,read,,,,1,0
92610,"Rocannon's World (Hainish Cycle, #1)",Ursula K. Le Guin,"Guin, Ursula K. Le",,441732968,9.78044E+12,0,3.77,Ace,Paperback,144,1984,1966,,1/20/2022,to-read,to-read (#61),to-read,,,,0,0
48855,The Diary of a Young Girl,Anne Frank,"Frank, Anne","Eleanor Roosevelt, Susan Massotty, Γιάννης Θωμόπουλος, Barbara Mooyaart-Doubleday, Otto H. Frank, Mirjam Pressler",,,0,4.18,Bantam,Mass Market Paperback,283,1993,1947,,1/14/2022,to-read,to-read (#60),to-read,,,,0,0
21853621,The Nightingale,Kristin Hannah,"Hannah, Kristin",,312577222,9.78031E+12,0,4.6,St. Martin's Press,Hardcover,440,2015,2015,,1/14/2022,to-read,to-read (#59),to-read,,,,0,0
20518872,"The Three-Body Problem (Remembrance of Earth’s Past, #1)",Liu Cixin,"Cixin, Liu",Ken Liu,765377063,9.78077E+12,3,4.08,Tor Books,Hardcover,399,2014,2006,1/9/2022,2/28/2019,,,read,,,,1,0
450534,When the Body Says No: The Cost of Hidden Stress,Gabor Maté,"Maté, Gabor",,676973124,9.78068E+12,1,4.29,Vintage Canada,Paperback,320,2004,2003,12/31/2021,12/15/2021,,,read,,,,1,0
414999,Childhood's End,Arthur C. Clarke,"Clarke, Arthur C.",,,,0,4.11,Del Rey Books,Mass Market Paperback,224,1987,1953,,12/29/2021,to-read,to-read (#58),to-read,,,,0,0
27833670,Dark Matter,Blake Crouch,"Crouch, Blake","Hilary Clarcq, Andy Weir",1101904224,9.7811E+12,0,4.13,Crown,Hardcover,352,2016,2016,,12/29/2021,to-read,to-read (#57),to-read,,,,0,0
43587154,"Jade City (The Green Bone Saga, #1)",Fonda Lee,"Lee, Fonda",,316440884,9.78032E+12,0,4.11,Orbit,Paperback,560,2018,2017,,12/26/2021,to-read,to-read (#56),to-read,,,,0,0
17465493,The Numbers Game: Why Everything You Know About Soccer Is Wrong,Chris  Anderson,"Anderson, Chris",David Sally,143124560,9.78014E+12,0,3.72,Penguin Books,Paperback,400,2013,2013,,12/26/2021,to-read,to-read (#55),to-read,,,,0,0
24800,House of Leaves,Mark Z. Danielewski,"Danielewski, Mark Z.",,038560310X,9.78039E+12,3,4.09,Random House,Paperback,710,2000,2000,12/21/2021,12/9/2021,,,read,,,,1,0
13658,"The Other Wind (Earthsea Cycle, #6)",Ursula K. Le Guin,"Guin, Ursula K. Le",Samuel Roukin,044101125X,9.78044E+12,3,4.17,Ace Books,Paperback,211,2003,2001,12/13/2021,12/5/2021,,,read,,,,1,0
36099978,"Season of Storms (The Witcher, #0)",Andrzej Sapkowski,"Sapkowski, Andrzej",David French,,9.78032E+12,3,3.96,Orbit,Hardcover,419,2018,2013,12/8/2021,12/2/2021,,,read,,,,1,0
13659,"Tales from Earthsea (Earthsea Cycle, #5)",Ursula K. Le Guin,"Guin, Ursula K. Le",,441011241,9.78044E+12,3,4.07,Ace,Paperback,280,2003,2001,12/3/2021,11/20/2021,,,read,,,,1,0
31933977,"Lady of the Lake (The Witcher, #5)",Andrzej Sapkowski,"Sapkowski, Andrzej",David French,,,3,4.12,Orbit,Paperback,531,2017,1999,11/30/2021,11/26/2021,,,read,,,,1,0
18247597,"The Tower of the Swallow (The Witcher, #4)",Andrzej Sapkowski,"Sapkowski, Andrzej",David French,1473211565,9.78147E+12,3,4.23,Gollancz,Paperback,448,2016,1997,11/21/2021,11/14/2021,,,read,,,,1,0
13661,"Tehanu (Earthsea Cycle, #4)",Ursula K. Le Guin,"Guin, Ursula K. Le",,1416509631,9.78142E+12,3,4,Pocket Books,Paperback,281,2004,1990,11/14/2021,11/6/2021,,,read,,,,1,0
18656031,"Baptism of Fire (The Witcher, #3)",Andrzej Sapkowski,"Sapkowski, Andrzej",David French,316219185,9.78032E+12,2,4.26,Orbit,Paperback,349,2014,1996,11/12/2021,11/5/2021,,,read,,,,1,0
14781491,"The Time of Contempt (The Witcher, #2)",Andrzej Sapkowski,"Sapkowski, Andrzej",David French,316219134,9.78032E+12,3,4.17,Orbit,Paperback,331,2013,1995,11/5/2021,10/30/2021,,,read,,,,1,0
6043781,"Blood of Elves (The Witcher, #1)",Andrzej Sapkowski,"Sapkowski, Andrzej",Danusia Stok,031602919X,9.78032E+12,3,4.1,Hachette Book Group,Mass Market Paperback,398,2009,1994,10/30/2021,10/25/2021,,,read,,,,1,0
25454056,"Sword of Destiny (The Witcher, #0.7)",Andrzej Sapkowski,"Sapkowski, Andrzej",David A French,,,4,4.28,Orbit,Kindle Edition,384,2015,1992,10/25/2021,10/20/2021,,,read,,,,1,0
40603587,"The Last Wish (The Witcher, #0.5)",Andrzej Sapkowski,"Sapkowski, Andrzej",Danusia Stok,,,3,4.14,Orbit,Kindle Edition,400,2008,1993,10/19/2021,10/13/2021,,,read,,,,1,0
25698,An Inquiry into the Nature and Causes of the Wealth of Nations,Adam Smith,"Smith, Adam",,226763749,9.78023E+12,0,3.88,University Of Chicago Press,Paperback,1076,1977,1776,10/16/2021,12/30/2020,bussiness-self-development,bussiness-self-development (#28),read,,,,1,0
838729,"The Return of the King (The Lord of the Rings, #3)",J.R.R. Tolkien,"Tolkien, J.R.R.",,345240340,9.78035E+12,3,4.55,Ballantine Books,Mass Market Paperback,385,1974,1955,10/4/2021,9/22/2021,,,read,,,,1,0
13667,"The Farthest Shore (Earthsea Cycle, #3)",Ursula K. Le Guin,"Guin, Ursula K. Le","Françoise Maillet, Michel Lee Landa",141650964X,9.78142E+12,3,4.12,Gallery Books,Paperback,259,2004,1972,10/3/2021,9/26/2021,,,read,,,,1,0
4122,Built to Last: Successful Habits of Visionary Companies,James C. Collins,"Collins, James C.",Jerry I. Porras,60566108,9.78006E+12,3,4.04,Harper Business,Hardcover,368,2004,1994,9/26/2021,3/2/2021,bussiness-self-development,bussiness-self-development (#27),read,,,,1,0
22374,Batman: Arkham Asylum - A Serious House on Serious Earth,Grant Morrison,"Morrison, Grant",Dave McKean,1401204252,9.7814E+12,3,4.1,DC Comics,Paperback,216,2005,1989,9/15/2021,9/15/2021,graphic-novels,graphic-novels (#25),read,,,,1,0
22812023,The Angel of Elhamburg,Aki,"Aki, Aki",,316340464,9.78032E+12,2,3.38,Yen Press,Hardcover,160,2015,2013,9/14/2021,9/13/2021,manga,manga (#9),read,,,,1,0
49021976,"Rhythm of War (The Stormlight Archive, #4)",Brandon Sanderson,"Sanderson, Brandon",,765326388,9.78077E+12,3,4.61,Tor Books,Hardcover,1232,2020,2020,9/12/2021,8/29/2021,,,read,,,,1,0
13662,"The Tombs of Atuan (Earthsea Cycle, #2)",Ursula K. Le Guin,"Guin, Ursula K. Le",Margot Paronis,689845367,9.78069E+12,3,4.11,Gallery / Saga Press,Mass Market Paperback,180,2001,1970,8/27/2021,8/22/2021,,,read,,,,1,0
39298848,"White Sand, Volume 3 (White Sand, #3)",Brandon Sanderson,"Sanderson, Brandon","Rik Hoskin, Fritz Casas",,,2,3.67, Dynamite Entertainment,Hardcover,160,2019,2019,8/26/2021,8/25/2021,graphic-novels,graphic-novels (#24),read,,,,1,0
33551363,"White Sand, Volume 2 (White Sand, #2)",Brandon Sanderson,"Sanderson, Brandon","Rik Hoskin, Julius Gopez",152410342X,9.78152E+12,2,3.54,Dynamite Entertainment,Hardcover,160,2018,2018,8/25/2021,8/23/2021,graphic-novels,graphic-novels (#23),read,,,,1,0
8868764,White Sand,Brandon Sanderson,"Sanderson, Brandon",,,,3,4.13,Brandon Sanderson,ebook,995,,,8/22/2021,8/22/2021,,,read,,,,1,0
13642,"A Wizard of Earthsea (Earthsea Cycle, #1)",Ursula K. Le Guin,"Guin, Ursula K. Le",,553383043,9.78055E+12,4,4.01,,Paperback,183,2004,1968,8/21/2021,8/14/2021,,,read,,,,1,0
28512671,"Everybody Lies: Big Data, New Data, and What the Internet Can Tell Us About Who We Really Are",Seth Stephens-Davidowitz,"Stephens-Davidowitz, Seth",Steven Pinker,62390856,9.78006E+12,3,3.91,Dey Street Books,Hardcover,338,2017,2017,8/14/2021,7/19/2021,bussiness-self-development,bussiness-self-development (#26),read,,,,1,0
21535271,"The Slow Regard of Silent Things (The Kingkiller Chronicle, #2.5)",Patrick Rothfuss,"Rothfuss, Patrick",Nate  Taylor,756410436,9.78076E+12,0,3.89,DAW Books,Hardcover,159,2014,2014,,8/10/2021,to-read,to-read (#54),to-read,,,,0,0
28595941,Arcanum Unbounded: The Cosmere Collection,Brandon Sanderson,"Sanderson, Brandon",,765391163,9.78077E+12,3,4.5,Tor Books,Hardcover,672,2016,2016,7/28/2021,7/28/2021,,,read,,,,1,0
28862254,"White Sand, Volume 1 (White Sand, #1)",Brandon Sanderson,"Sanderson, Brandon","Rik Hoskin, Julius Gopez",1606908855,9.78161E+12,3,3.63,Dynamic Forces,Hardcover,160,2016,2016,7/28/2021,7/25/2021,graphic-novels,graphic-novels (#22),read,,,,1,0
776175,Tekkon Kinkreet: Black and White,Taiyo Matsumoto,"Matsumoto, Taiyo","Lillian Olsen, R. Suter, Elisabeth Kawasaki",1421518678,9.78142E+12,2,4.36,VIZ Media ,Paperback,622,2007,2006,7/24/2021,7/19/2021,manga,manga (#8),read,,,,1,0
34268,Peter Pan,J.M. Barrie,"Barrie, J.M.",Michael Hague,805072454,9.78081E+12,2,4.04,Henry Holt and Co.,Hardcover,176,2003,1911,7/19/2021,7/14/2021,,,read,,,,1,0
17837762,Uzumaki,Junji Ito,"Ito, Junji",Yuji Oniki,1421561328,9.78142E+12,2,4.44,VIZ Media LLC,Hardcover,653,2013,2000,7/18/2021,7/13/2021,manga,manga (#7),read,,,,1,0
1202,Freakonomics: A Rogue Economist Explores the Hidden Side of Everything,Steven D. Levitt,"Levitt, Steven D.",Stephen J. Dubner,61234001,9.78006E+12,2,4,William Morrow,Hardcover,268,2006,2005,7/15/2021,6/21/2020,,,read,,,,1,0
54511226,"Dawnshard (The Stormlight Archive, #3.5)",Brandon Sanderson,"Sanderson, Brandon",,,,3,4.51,Dragonsteel Entertainment,Kindle Edition,171,2020,2020,7/10/2021,7/4/2021,,,read,,,,1,0
40604658,"Jurassic Park (Jurassic Park, #1)",Michael Crichton,"Crichton, Michael",,,,2,4.07,Ballantine Books,Kindle Edition,466,2012,1990,7/5/2021,6/23/2021,,,read,,,,1,0
23397921,Sixth of the Dusk (The Cosmere),Brandon Sanderson,"Sanderson, Brandon",,,,3,4.24,"Dragonsteel Entertainment, LLC",Kindle Edition,59,2014,2014,7/4/2021,7/3/2021,,,read,,,,1,0
21411388,Shadows for Silence in the Forests of Hell,Brandon Sanderson,"Sanderson, Brandon",,,,3,4.19,Tor Books,,50,2013,2013,7/3/2021,7/3/2021,,,read,,,,1,0
28698036,"Secret History (Mistborn, #3.5)",Brandon Sanderson,"Sanderson, Brandon",,,,4,4.38,"Dragonsteel Entertainment, LLC",Kindle Edition,160,2016,2016,7/2/2021,7/1/2021,,,read,,,,1,0
33357675,"Allomancer Jak and the Pits of Eltania (Mistborn, #4.5)",Brandon Sanderson,"Sanderson, Brandon",,,,2,3.51,,Paperback,40,2016,2014,7/1/2021,7/1/2021,,,read,,,,1,0
22823333,"The Eleventh Metal (Mistborn, #0.5)",Brandon Sanderson,"Sanderson, Brandon",,,,3,3.83,Crafty Games,ebook,21,2012,2012,7/1/2021,7/1/2021,,,read,,,,1,0
10852065,"The Hope of Elantris (Elantris, #1.5)",Brandon Sanderson,"Sanderson, Brandon",,,,3,3.69,Brandon Sanderson,,25,2006,2006,7/1/2021,6/30/2021,,,read,,,,1,0
28149241,Conan: The Barbarian complete collection,Robert E. Howard,"Howard, Robert E.",,,,0,4.2,,Kindle Edition,939,2015,2016,,6/30/2021,to-read,to-read (#53),to-read,,,,0,0
13578175,The Emperor's Soul (The Cosmere),Brandon Sanderson,"Sanderson, Brandon",,1616960922,9.78162E+12,3,4.36,Tachyon Publications,Paperback,175,2012,2012,6/30/2021,6/30/2021,,,read,,,,1,0
18739426,"The Bands of Mourning (Mistborn, #6)",Brandon Sanderson,"Sanderson, Brandon",,,,3,4.42,Tor,Kindle Edition,448,2016,2016,6/29/2021,6/26/2021,,,read,,,,1,0
16065004,"Shadows of Self (Mistborn, #5)",Brandon Sanderson,"Sanderson, Brandon",,765378558,9.78077E+12,3,4.29,Tor Books,Hardcover,383,2015,2015,6/26/2021,6/24/2021,,,read,,,,1,0
10803121,"The Alloy of Law (Mistborn, #4)",Brandon Sanderson,"Sanderson, Brandon",,765330423,9.78077E+12,3,4.21,Tor Books,Hardcover,332,2011,2011,6/24/2021,6/21/2021,,,read,,,,1,0
6796708,Footnotes in Gaza,Joe Sacco,"Sacco, Joe",,805073477,9.78081E+12,3,4.32,Metropolitan Books,Hardcover,432,2009,2009,6/20/2021,6/12/2021,graphic-novels,graphic-novels (#21),read,,,,1,0
41721428,Can't Hurt Me: Master Your Mind and Defy the Odds,David Goggins,"Goggins, David",,,,3,4.36,Lioncrest Publishing,Kindle Edition,366,2018,2018,6/20/2021,5/31/2021,bussiness-self-development,bussiness-self-development (#25),read,,,,1,0
6408520,All My Darling Daughters,Fumi Yoshinaga,"Yoshinaga, Fumi","John Werry, Evan Waldinger",1421532409,9.78142E+12,2,3.79,VIZ Media,Paperback,208,2010,2003,6/9/2021,6/8/2021,manga,manga (#6),read,,,,1,0
68427,"Elantris (Elantris, #1)",Brandon Sanderson,"Sanderson, Brandon",,765350378,9.78077E+12,3,4.19,Tor Fantasy,Mass Market Paperback,622,2006,2005,6/6/2021,5/12/2021,,,read,,,,1,0
64216,"Guards! Guards! (Discworld, #8; City Watch, #1)",Terry Pratchett,"Pratchett, Terry",,61020648,9.78006E+12,4,4.33,HarperTorch,Mass Market Paperback,376,2001,1989,5/29/2021,5/16/2021,,,read,,,,1,0
16144853,Leaders Eat Last,Simon Sinek,"Sinek, Simon",,1591845327,9.78159E+12,2,4.11,Portfolio,Hardcover,350,2014,2013,5/12/2021,5/7/2021,,,read,,,,1,0
1957453,Che,Spain Rodriguez,"Rodriguez, Spain","Sarah Seidman, Paul M. Buhle",1844671682,9.78184E+12,2,3.35,Verso,Paperback,106,2008,2008,5/11/2021,5/10/2021,,,read,,,,1,0
328091,The Voices of a Distant Star,Makoto Shinkai,"Shinkai, Makoto",Mizu Sahara,1598165291,9.7816E+12,3,3.98,Adult,Paperback,229,2006,2002,5/10/2021,5/9/2021,manga,manga (#5),read,,,,1,0
34002132,"Oathbringer (The Stormlight Archive, #3)",Brandon Sanderson,"Sanderson, Brandon",,076532637X,9.78077E+12,5,4.61,Tor Books,Hardcover,1248,2017,2017,5/8/2021,4/10/2021,,,read,,,,1,0
15745753,Eleanor & Park,Rainbow Rowell,"Rowell, Rainbow",,1250012570,9.78125E+12,2,3.97,St. Martin's Press,Hardcover,328,2013,2012,5/6/2021,10/21/2020,,,read,,,,1,0
52964332,"Blockchain: The Complete Guide to Uncovering Bitcoin, Cryptocurrency, Bitcoin Technology and the Future of Money (Blockchain Revolution Series Book 1)",Alan Wright,"Wright, Alan",Andrew          Johnson,,,2,2.86,,Kindle Edition,209,2019,,4/21/2021,4/18/2021,,,read,,,,1,0
34484,"Small Gods (Discworld, #13)",Terry Pratchett,"Pratchett, Terry",,552152978,9.78055E+12,3,4.31,Corgi,Paperback,400,2005,1992,4/12/2021,3/29/2021,,,read,,,,1,0
22545976,All You Need Is Kill,Ryōsuke Takeuchi,"Takeuchi, Ryōsuke","Takeshi Obata, Yoshitoshi Abe, Tetsuichiro Miyaki, Hiroshi Sakurazaka",1421576015,9.78142E+12,4,4.13,VIZ Media LLC,Paperback,425,2014,2014,4/10/2021,4/9/2021,manga,manga (#4),read,,,,1,0
6600626,Trotsky: A Graphic Biography,Rick Geary,"Geary, Rick",Andy Helfer,809095084,9.78081E+12,2,3.56,Hill and Wang,Hardcover,112,2009,2009,4/9/2021,4/8/2021,graphic-novels,graphic-novels (#20),read,,,,1,0
11468377,"Thinking, Fast and Slow",Daniel Kahneman,"Kahneman, Daniel",,374275637,9.78037E+12,3,4.18,"Farrar, Straus and Giroux",Hardcover,499,2011,2011,3/27/2021,7/1/2020,bussiness-self-development,bussiness-self-development (#24),read,,,,1,0
1268479,"Warbreaker (Warbreaker, #1)",Brandon Sanderson,"Sanderson, Brandon",,,,4,4.3,Self-published,ebook,688,2009,2009,4/6/2021,3/14/2021,,,read,,,,1,0
22443261,"The Rithmatist (The Rithmatist, #1)",Brandon Sanderson,"Sanderson, Brandon",,,,0,4.24,Tor UK,Kindle Edition,353,2014,2013,,3/15/2021,to-read,to-read (#52),to-read,,,,0,0
13153400,"5 Centimeters per Second (5 Centimeters per Second, #1-2)",Yukiko Seike,"Seike, Yukiko","Makoto Shinkai, 清家雪子, Melissa Tanaka",1932234969,9.78193E+12,3,3.95,Vertical,Paperback,463,2012,2007,3/14/2021,3/13/2021,manga,manga (#3),read,,,,1,0
6435893,I Kill Giants,Joe Kelly,"Kelly, Joe",J.M. Ken Niimura,1607060922,9.78161E+12,3,4.15,Image Comics,Paperback,184,2009,2009,3/13/2021,3/13/2021,graphic-novels,graphic-novels (#19),read,,,,1,0
34703445,"Edgedancer (The Stormlight Archive, #2.5)",Brandon Sanderson,"Sanderson, Brandon",,1250166543,9.78125E+12,3,4.26,Tor Books,Hardcover,272,2017,2017,3/11/2021,3/7/2021,,,read,,,,1,0
29588376,"The Lies of Locke Lamora (Gentleman Bastard, #1)",Scott Lynch,"Lynch, Scott",,,,0,4.29,Spectra,Kindle Edition,752,2006,2006,,3/6/2021,to-read,to-read (#51),to-read,,,,0,0
17332218,"Words of Radiance (The Stormlight Archive, #2)",Brandon Sanderson,"Sanderson, Brandon",,765326361,9.78077E+12,4,4.75,Tor Books,Hardcover,1087,2014,2014,3/6/2021,2/14/2021,,,read,,,,1,0
40604754,"Heir to the Empire (Star Wars: The Thrawn Trilogy, #1)",Timothy Zahn,"Zahn, Timothy",,,,0,4.15,Del Rey,Kindle Edition,434,2011,1991,,2/20/2021,to-read,to-read (#50),to-read,,,,0,0
62953,Ghost World,Daniel Clowes,"Clowes, Daniel",,1560974273,9.78156E+12,2,3.83,Fantagraphics,Paperback,80,2001,1998,2/13/2021,2/13/2021,graphic-novels,graphic-novels (#18),read,,,,1,0
386372,"Mort (Discworld, #4; Death, #1)",Terry Pratchett,"Pratchett, Terry",,61020680,9.78006E+12,3,4.23,Harpertorch,Mass Market Paperback,243,2001,1987,2/11/2021,2/6/2021,,,read,,,,1,0
3430763,"Solanin (Solanin, #1-2)",Inio Asano,"Asano, Inio",,1421523213,9.78142E+12,3,4.23,VIZ Media LLC,Paperback,432,2008,2006,2/9/2021,2/6/2021,manga,manga (#2),read,,,,1,0
944073,"The Blade Itself (The First Law, #1)",Joe Abercrombie,"Abercrombie, Joe",,575079797,9.78058E+12,0,4.19,Gollancz,Paperback,515,2007,2006,,2/9/2021,to-read,to-read (#49),to-read,,,,0,0
7235533,"The Way of Kings (The Stormlight Archive, #1)",Brandon Sanderson,"Sanderson, Brandon",,765326353,9.78077E+12,4,4.65,Tor Books,Hardcover,1007,2010,2010,2/6/2021,1/11/2021,,,read,,,,1,0
54955062,"Critical Thinking: How to Effectively Reason, Understand Irrationality, and Make Better Decisions",Stuart A. Vyse,"Vyse, Stuart A.",,,,3,3.42,Learn25,Audible Audio,,,2019,2/5/2021,1/31/2021,bussiness-self-development,bussiness-self-development (#23),read,,,,1,0
386162,"The Hitchhiker's Guide to the Galaxy (The Hitchhiker's Guide to the Galaxy, #1)",Douglas Adams,"Adams, Douglas",,,,2,4.23,Del Rey,Paperback,193,2007,1979,1/30/2021,1/7/2021,,,read,,,,1,0
23437156,"Six of Crows (Six of Crows, #1)",Leigh Bardugo,"Bardugo, Leigh",,,,3,4.49,Henry Holt & Company,Hardcover,465,2015,2015,1/23/2021,9/19/2020,,,read,,,,1,0
3450744,"Nudge: Improving Decisions About Health, Wealth, and Happiness",Richard H. Thaler,"Thaler, Richard H.",Cass R. Sunstein,014311526X,9.78014E+12,0,3.84,Penguin Books,Paperback,260,2009,2008,,1/20/2021,to-read,to-read (#48),to-read,,,,0,0
2326098,The How of Happiness: A Scientific Approach to Getting the Life You Want,Sonja Lyubomirsky,"Lyubomirsky, Sonja",,159420148X,9.78159E+12,0,3.9,"Penguin Press HC, The",Hardcover,384,2007,2007,,1/19/2021,to-read,to-read (#47),to-read,,,,0,0
40102,Blink: The Power of Thinking Without Thinking,Malcolm Gladwell,"Gladwell, Malcolm","Barry Fox, Irina Henegar",316010669,9.78032E+12,2,3.95,Back Bay Books,Paperback,296,2007,2005,1/12/2021,7/1/2020,bussiness-self-development,bussiness-self-development (#22),read,,,,1,0
26135825,Fun Home: A Family Tragicomic,Alison Bechdel,"Bechdel, Alison",,618871713,9.78062E+12,2,4.08,Mariner Books,Paperback,232,2007,2006,1/10/2021,1/8/2021,,,read,,,,1,0
11557023,Stargazing Dog,Takashi  Murakami,"Murakami, Takashi",村上たかし,1561636126,9.78156E+12,0,4.33,NBM Publishing,Paperback,128,2011,2008,,1/10/2021,to-read,to-read (#46),to-read,,,,0,0
33574273,"A Wrinkle in Time (Time Quintet, #1)",Madeleine L'Engle,"L'Engle, Madeleine",,1250153271,9.78125E+12,0,3.99,Square Fish,Paperback,218,2017,1962,,1/7/2021,to-read,to-read (#45),to-read,,,,0,0
18619684,The Time Traveler's Wife,Audrey Niffenegger,"Niffenegger, Audrey",,,9.78194E+12,0,3.99,Zola Books,ebook,537,2013,2004,,1/7/2021,to-read,to-read (#44),to-read,,,,0,0
26025704,The Gods Lie,Kaori Ozaki,"Ozaki, Kaori",,1942993366,9.78194E+12,3,4.06,Vertical Comics,Paperback,214,2016,2013,1/6/2021,1/5/2021,manga,manga (#1),read,,,,1,0
44333183,The Unicorn Project,Gene Kim,"Kim, Gene",,1942788762,9.78194E+12,0,4.11,It Revolution Press,Hardcover,345,2019,2019,,1/6/2021,to-read,to-read (#43),to-read,,,,0,0
9969571,"Ready Player One (Ready Player One, #1)",Ernest Cline,"Cline, Ernest",,030788743X,9.78031E+12,4,4.24,Crown Publishers,Hardcover,374,2011,2011,1/6/2021,12/25/2020,,,read,,,,1,0
6486483,Emotional Intelligence 2.0,Travis Bradberry,"Bradberry, Travis","Jean Greaves, Patrick Lencioni",974320625,9.78097E+12,0,3.84,Talentsmart,Hardcover,255,2009,2003,,1/5/2021,to-read,to-read (#42),to-read,,,,0,0
25179,Blankets,Craig Thompson,"Thompson, Craig",,1891830430,9.78189E+12,3,4.05,Top Shelf Productions,Paperback,592,2003,2003,1/4/2021,1/3/2021,graphic-novels,graphic-novels (#17),read,,,,1,0
68811,Momo,Michael Ende,"Ende, Michael",,3522168577,9.78352E+12,3,4.33,Thienemann,Paperback,304,1999,1973,1/2/2021,11/10/2020,,,read,,,,1,0
303615,"The General Theory of Employment, Interest, and Money",John Maynard Keynes,"Keynes, John Maynard",,1573921394,9.78157E+12,0,3.85,Prometheus Books,Paperback,403,1997,1935,,12/30/2020,to-read,to-read (#41),to-read,,,,0,0
30474,The Communist Manifesto,Karl Marx,"Marx, Karl","Friedrich Engels, Leon Trotsky, Samuel Moore, Erkin Özalp, Amanda Lee, Antonio Carlos Braga, Aldrin Alexander Evies, Oqtay Eloğlu",140447571,9.78014E+12,0,3.62,Penguin Classics,Paperback,288,2002,1848,,12/30/2020,to-read,to-read (#40),to-read,,,,0,0
51807232,"Troubled Blood (Cormoran Strike, #5)",Robert Galbraith,"Galbraith, Robert",,751579939,9.78075E+12,3,4.36,Sphere,Hardcover,944,2020,2020,12/28/2020,12/18/2020,,,read,,,,1,0
31360,"Children of the Mind (Ender's Saga, #4)",Orson Scott Card,"Card, Orson Scott",,765304740,9.78077E+12,3,3.77,Tor Books,Paperback,370,2002,1996,12/12/2020,12/9/2020,,,read,,,,1,0
313605,Getting to Yes: Negotiating Agreement Without Giving In,Roger Fisher,"Fisher, Roger","William Ury, Bruce Patton",140157352,9.78014E+12,4,3.94,Penguin Group,Paperback,224,1991,1981,12/12/2020,7/1/2020,bussiness-self-development,bussiness-self-development (#21),read,,,,1,0
34517195,"El cuento de la criada (El cuento de la criada, #1)",Margaret Atwood,"Atwood, Margaret",Elsa Mateo,,,0,4.13,Salamandra,Paperback,416,2017,1985,,12/6/2020,to-read,to-read (#39),to-read,,,,0,0
8964259,Cuba: My Revolution,Inverna Lockpez,"Lockpez, Inverna","Dean Haspiel, José Villarrubia",140122217X,9.7814E+12,3,3.56,Vertigo,Hardcover,144,2010,2010,12/1/2020,11/29/2020,graphic-novels,graphic-novels (#16),read,,,,1,0
608883,"Town of Evening Calm, Country of Cherry Blossoms",Fumiyo Kouno,"Kouno, Fumiyo",,867196653,9.78087E+12,0,4.03,Last Gasp,Paperback,103,2007,2004,,11/29/2020,to-read,to-read (#38),to-read,,,,0,0
48889983,Calling Bullshit: The Art of Skepticism in a Data-Driven World,Carl T. Bergstrom,"Bergstrom, Carl T.",Jevin West,525509186,9.78053E+12,3,4.15,Random House,Hardcover,336,2020,2020,11/29/2020,11/19/2020,bussiness-self-development,bussiness-self-development (#20),read,,,,1,0
8648,"Xenocide (Ender's Saga, #3)",Orson Scott Card,"Card, Orson Scott",,312861877,9.78031E+12,3,3.81,Tor Books,Mass Market Paperback,592,1996,1991,11/28/2020,11/10/2020,,,read,,,,1,0
12994251,Los pilares de la tierra I (Parte 1 de 3),Ken Follett,"Follett, Ken",Rosalía Vázquez,8467436530,9.78847E+12,0,4.43,Planeta DeAgostini,Hardcover,468,2007,,,7/25/2020,to-read,to-read (#12),to-read,,,,0,0
23878688,The 5 Love Languages: The Secret to Love that Lasts,Gary Chapman,"Chapman, Gary",,,,3,4.26,Northfield Publishing,Kindle Edition,232,2014,1990,11/16/2020,11/15/2020,bussiness-self-development,bussiness-self-development (#19),read,,,,1,0
26126144,Critical Business Skills for Success,Clinton O. Longenecker,"Longenecker, Clinton O.",Thomas J. Goldsby,,,4,4.25,The Great Courses,Audible Audio,990,2015,2015,11/15/2020,10/31/2020,bussiness-self-development,bussiness-self-development (#18),read,,,,1,0
210946,Shenzhen: A Travelogue from China,Guy Delisle,"Delisle, Guy",,224079913,9.78022E+12,3,3.74,Jonathan Cape,Hardcover,152,2006,2000,11/10/2020,11/9/2020,graphic-novels,graphic-novels (#15),read,,,,1,0
7967,"Speaker for the Dead (Ender's Saga, #2)",Orson Scott Card,"Card, Orson Scott",,812550757,9.78081E+12,4,4.09,Tor Books,Paperback,382,1994,1986,11/8/2020,10/31/2020,,,read,,,,1,0
26088,Superman: Secret Identity,Kurt Busiek,"Busiek, Kurt",Stuart Immonen,1401204511,9.7814E+12,3,4.26,DC Comics,Paperback,208,2013,2004,10/31/2020,10/27/2020,graphic-novels,graphic-novels (#14),read,,,,1,0
375802,"Ender's Game (Ender's Saga, #1)",Orson Scott Card,"Card, Orson Scott",,812550706,9.78081E+12,4,4.31,Tor,Mass Market Paperback,324,2004,1985,10/25/2020,10/17/2020,,,read,,,,1,0
7024305,El libro del cementerio,Neil Gaiman,"Gaiman, Neil",,8499180302,9.7885E+12,0,4.15,Roca Editorial,Hardcover,293,2009,2008,,10/24/2020,to-read,to-read (#37),to-read,,,,0,0
18465566,This One Summer,Mariko Tamaki,"Tamaki, Mariko",Jillian Tamaki,1626720940,9.78163E+12,0,3.69,First Second,Hardcover,320,2014,2014,,10/23/2020,to-read,to-read (#36),to-read,,,,0,0
32620332,The Seven Husbands of Evelyn Hugo,Taylor Jenkins Reid,"Reid, Taylor Jenkins",,1501139231,9.7815E+12,0,4.47,Atria Books,Hardcover,389,2017,2017,,10/21/2020,to-read,to-read (#35),to-read,,,,0,0
19288043,Gone Girl,Gillian Flynn,"Flynn, Gillian",,,,0,4.11,Broadway Books,Paperback,415,2014,2012,,10/21/2020,to-read,to-read (#34),to-read,,,,0,0
34812028,Dónde están los paraguas,Afonso Cruz,"Cruz, Afonso",,,9.78958E+12,0,4.44,Panamericana Editorial,Paperback,616,2017,2013,,10/21/2020,to-read,to-read (#33),to-read,,,,0,0
792606,The Rise of the Meritocracy,Michael Young,"Young, Michael",,1560007044,9.78156E+12,0,3.82,Routledge,Paperback,198,1994,1958,,10/20/2020,to-read,to-read (#32),to-read,,,,0,0
762,Crónica de una muerte anunciada,Gabriel García Márquez,"Márquez, Gabriel García",,1400034957,9.7814E+12,0,3.97,Vintage Espanol,ebook,118,2003,1981,,10/19/2020,to-read,to-read (#31),to-read,,,,0,0
80834,Pyongyang: A Journey in North Korea,Guy Delisle,"Delisle, Guy",,1897299214,9.7819E+12,3,3.9,Drawn and Quarterly,Paperback,192,2007,2003,10/17/2020,10/12/2020,graphic-novels,graphic-novels (#13),read,,,,1,0
215636,Favor por favor,Catherine Ryan Hyde,"Hyde, Catherine Ryan",Juanjo Estrella,849561801X,9.7885E+12,0,4.18,Umbriel,Paperback,304,2000,1999,,10/16/2020,to-read,to-read (#30),to-read,,,,0,0
15995136,La lección de August,R.J. Palacio,"Palacio, R.J.",Diego de los Santos Domingo,841559402X,9.78842E+12,0,4.39,Nube de tinta,Paperback,414,2012,2012,,10/16/2020,to-read,to-read (#29),to-read,,,,0,0
191224,Memorias de una geisha,Arthur Golden,"Golden, Arthur",,307275302,9.78031E+12,0,4.14,Punto de Lectura,Mass Market Paperback,654,2005,1997,,10/16/2020,to-read,to-read (#28),to-read,,,,0,0
16158493,The First 20 Hours: How to Learn Anything...Fast,Josh Kaufman,"Kaufman, Josh",,1591845556,9.78159E+12,2,3.47,Portfolio,Hardcover,288,2013,2013,,10/15/2020,bussiness-self-development,bussiness-self-development (#17),read,,,,1,0
8908,World War Z: An Oral History of the Zombie War,Max Brooks,"Brooks, Max",,307346609,9.78031E+12,2,4.01,Crown,Hardcover,342,2006,2006,10/11/2020,9/21/2020,,,read,,,,1,0
12969140,Persona normal,Benito Taibo,"Taibo, Benito",,6070708989,9.78607E+12,0,4.41,Destino,Paperback,216,2011,2011,,10/10/2020,to-read,to-read (#27),to-read,,,,0,0
72029,La historia interminable,Michael Ende,"Ende, Michael",Miguel Sáenz,8422614685,9.78842E+12,0,4.18,Círculo de Lectores,Hardcover,400,1983,1979,,10/10/2020,to-read,to-read (#26),to-read,,,,0,0
6452796,Drive: The Surprising Truth About What Motivates Us,Daniel H. Pink,"Pink, Daniel H.",,1594488843,9.78159E+12,3,3.95,Riverhead Books,Hardcover,242,2009,2009,,7/1/2020,bussiness-self-development,bussiness-self-development (#16),read,,,,1,0
12331767,High-Rise,J.G. Ballard,"Ballard, J.G.",,871404028,9.78087E+12,0,3.61,Liveright,Paperback,208,2012,1975,,9/27/2020,to-read,to-read (#25),to-read,,,,0,0
242472,The Black Swan: The Impact of the Highly Improbable,Nassim Nicholas Taleb,"Taleb, Nassim Nicholas","David Chandler, Микола Климчук",,,3,3.95,Random House ,Hardcover,366,2007,2007,,6/21/2020,bussiness-self-development,bussiness-self-development (#15),read,,,,1,0
48463,The Weather Makers: How Man Is Changing the Climate and What It Means for Life on Earth,Tim Flannery,"Flannery, Tim",,871139359,9.78087E+12,0,3.91,Atlantic Monthly Press,Hardcover,384,2006,2001,,9/25/2020,to-read,to-read (#24),to-read,,,,0,0
184834,"La sombra del viento (El cementerio de los libros olvidados, #1)",Carlos Ruiz Zafón,"Zafón, Carlos Ruiz",,974872407,9.78097E+12,0,4.29,Planeta Publishing,Paperback,478,2006,2001,,9/19/2020,to-read,to-read (#23),to-read,,,,0,0
41817486,A Clockwork Orange,Anthony Burgess,"Burgess, Anthony",,393341763,9.78039E+12,0,4,W. W. Norton & Company,Paperback,240,2019,1962,,9/19/2020,to-read,to-read (#22),to-read,,,,0,0
5297,The Picture of Dorian Gray,Oscar Wilde,"Wilde, Oscar",Jeffrey Eugenides,,,0,4.11,Random House: Modern Library,Paperback,272,2004,1890,,9/19/2020,to-read,to-read (#21),to-read,,,,0,0
991197,The Complete Persepolis,Marjane Satrapi,"Satrapi, Marjane","Mattias Ripa, Blake Ferris, Anjali Singh",375714839,9.78038E+12,5,4.38,Pantheon Books,Paperback,341,2007,2003,9/19/2020,9/14/2020,graphic-novels,graphic-novels (#12),read,,,,1,0
6294,"Howl’s Moving Castle (Howl’s Moving Castle, #1)",Diana Wynne Jones,"Jones, Diana Wynne",,006441034X,9.78006E+12,0,4.29,Harper Trophy,Mass Market Paperback,329,2001,1986,,9/19/2020,to-read,to-read (#20),to-read,,,,0,0
547094,I Am Legend and Other Stories,Richard Matheson,"Matheson, Richard",,031286504X,9.78031E+12,3,4,Orb Books,Paperback,317,1997,1954,9/12/2020,9/7/2020,,,read,,,,1,0
43848929,Talking to Strangers: What We Should Know About the People We Don’t Know,Malcolm Gladwell,"Gladwell, Malcolm",,316478520,9.78032E+12,2,4.02,"Little, Brown and Company",Hardcover,388,2019,2019,,7/1/2020,bussiness-self-development,bussiness-self-development (#14),read,,,,1,0
21343,The Five Dysfunctions of a Team: A Leadership Fable,Patrick Lencioni,"Lencioni, Patrick",,787960756,9.78079E+12,4,4.09,Jossey-Bass,Hardcover,227,2002,2002,,7/1/2020,bussiness-self-development,bussiness-self-development (#13),read,,,,1,0
77565,"The Fall of Hyperion (Hyperion Cantos, #2)",Dan Simmons,"Simmons, Dan",,553288202,9.78055E+12,3,4.22,Spectra Books,Mass Market Paperback,517,1995,1990,8/28/2020,8/9/2020,,,read,,,,1,0
350,Stranger in a Strange Land,Robert A. Heinlein,"Heinlein, Robert A.",James Warhola,,,0,3.92,Ace,Paperback,525,1991,1961,,8/25/2020,to-read,to-read (#19),to-read,,,,0,0
71565,El nombre de la rosa,Umberto Eco,"Eco, Umberto",Ricardo Pochtar,9872060959,9.78987E+12,0,4.13,Debolsillo,Paperback,493,2003,1980,,8/24/2020,to-read,to-read (#18),to-read,,,,0,0
59186,La metamorfosis,Franz Kafka,"Kafka, Franz",,9871165072,9.78987E+12,0,3.84,Agebe,Paperback,125,2004,1915,,8/24/2020,to-read,to-read (#17),to-read,,,,0,0
12841536,Una partida de ajedrez,Stefan Zweig,"Zweig, Stefan",,8423905411,9.78842E+12,0,4.28,S.L.U. Espasa Libros,,142,,1943,,8/24/2020,to-read,to-read (#16),to-read,,,,0,0
6708,The Power of Now: A Guide to Spiritual Enlightenment,Eckhart Tolle,"Tolle, Eckhart",,1577314808,9.78158E+12,2,4.15,New World Library,Paperback,229,2004,1997,,7/1/2020,bussiness-self-development,bussiness-self-development (#12),read,,,,1,0
26329,Emotional Intelligence: Why It Can Matter More Than IQ,Daniel Goleman,"Goleman, Daniel",,055380491X,9.78055E+12,2,4.03,Bantam,Hardcover,384,2006,1995,,7/1/2020,bussiness-self-development,bussiness-self-development (#11),read,,,,1,0
15843166,You Are a Badass: How to Stop Doubting Your Greatness and Start Living an Awesome Life,Jen Sincero,"Sincero, Jen",,762447699,9.78076E+12,3,3.95,Running Press Adult,Paperback,256,2013,2013,,7/1/2020,bussiness-self-development,bussiness-self-development (#10),read,,,,1,0
82861,"Safe Area Goražde: The War in Eastern Bosnia, 1992-1995",Joe Sacco,"Sacco, Joe",Christopher Hitchens,,,3,4.27,Fantagraphics Books,Paperback,240,2001,2000,8/9/2020,8/5/2020,graphic-novels,graphic-novels (#11),read,,,,1,0
13187824,Abundance: The Future Is Better Than You Think,Peter H. Diamandis,"Diamandis, Peter H.",Steven Kotler,1451614217,9.78145E+12,3,4.06,Free Press,Hardcover,400,2012,2012,,6/21/2020,bussiness-self-development,bussiness-self-development (#9),read,,,,1,0
77566,"Hyperion (Hyperion Cantos, #1)",Dan Simmons,"Simmons, Dan","Gary Ruddell, Gaetano Luigi Staffilano",553283685,9.78055E+12,4,4.25,Bantam Doubleday Dell Publishing Group,Mass Market Paperback,500,1990,1989,8/4/2020,7/22/2020,,,read,,,,1,0
36402034,Do Androids Dream of Electric Sheep?,Philip K. Dick,"Dick, Philip K.",,,,0,4.09,Ballantine Books,Kindle Edition,258,2008,1968,,8/4/2020,to-read,to-read (#15),to-read,,,,0,0
3636,"The Giver (The Giver, #1)",Lois Lowry,"Lowry, Lois",,385732554,9.78039E+12,0,4.13,Ember,Paperback,208,2006,1993,,7/31/2020,to-read,to-read (#14),to-read,,,,0,0
2493,The Time Machine,H.G. Wells,"Wells, H.G.","Greg Bear, Carlo Pagetti",,,0,3.9,Signet Classics,Paperback,118,2002,1895,,7/31/2020,to-read,to-read (#13),to-read,,,,0,0
154798,Superman: Red Son,Mark Millar,"Millar, Mark","Kilian Plunkett, Andrew C. Robinson, Walden Wong, Dave   Johnson, Paul Mounts, Ken Lopez",1401201911,9.7814E+12,4,4.17,DC Comics,Paperback,160,2004,2003,7/22/2020,7/20/2020,graphic-novels,graphic-novels (#10),read,,,,1,0
873809,"Chapter House: Dune (Dune Chronicles, #6)",Frank Herbert,"Herbert, Frank",,450058867,9.78045E+12,3,3.91,New English Library,Mass Market Paperback,480,1986,1985,7/19/2020,7/3/2020,,,read,,,,1,0
3299,De amor y de sombra,Isabel Allende,"Allende, Isabel",,006095129X,9.78006E+12,0,3.98,Rayo,Paperback,268,2002,1982,,7/12/2020,to-read,to-read (#11),to-read,,,,0,0
28257707,The Subtle Art of Not Giving a F*ck: A Counterintuitive Approach to Living a Good Life,Mark Manson,"Manson, Mark",,,,3,3.91,Harper,Paperback,212,2016,2016,,6/21/2020,bussiness-self-development,bussiness-self-development (#8),read,,,,1,0
29911924,Eat That Frog!: Get More of the Important Things Done - Today!,Brian Tracy,"Tracy, Brian",,,,3,3.87,Hodder & Stoughton,Kindle Edition,144,2016,2001,,6/21/2020,bussiness-self-development,bussiness-self-development (#7),read,,,,1,0
2249196,"All-Star Superman, Vol. 2",Grant Morrison,"Morrison, Grant",Frank Quitely,1401218377,9.7814E+12,3,4.33,DC Comics,Hardcover,154,2009,2009,7/3/2020,7/1/2020,graphic-novels,graphic-novels (#9),read,,,,1,0
835623,How the Mind Works,Steven Pinker,"Pinker, Steven",,393318486,9.78039E+12,0,3.99,W. W. Norton  Company,Paperback,660,1999,1997,,7/1/2020,to-read,to-read (#10),to-read,,,,0,0
3228917,Outliers: The Story of Success,Malcolm Gladwell,"Gladwell, Malcolm",,316017922,9.78032E+12,0,4.19,"Little, Brown and Company",Hardcover,309,2008,2008,,7/1/2020,to-read,to-read (#9),to-read,,,,0,0
96358,Batman: The Killing Joke,Alan Moore,"Moore, Alan","Brian Bolland, Tim Sale",930289455,9.78093E+12,3,4.37,DC Comics,Paperback,50,1995,1988,,4/27/2020,graphic-novels,graphic-novels (#8),read,,,,1,0
113934,The Goal: A Process of Ongoing Improvement,Eliyahu M. Goldratt,"Goldratt, Eliyahu M.",Jeff Cox,884271781,9.78088E+12,5,4.07,North River Press,Paperback,384,2004,1984,,4/23/2020,bussiness-self-development,bussiness-self-development (#6),read,,,,1,0
7108725,Start with Why: How Great Leaders Inspire Everyone to Take Action,Simon Sinek,"Sinek, Simon",,1591842808,9.78159E+12,4,4.1,Portfolio,Hardcover,256,2009,2009,,4/23/2020,bussiness-self-development,bussiness-self-development (#5),read,,,,1,0
17255186,"The Phoenix Project: A Novel About IT, DevOps, and Helping Your Business Win",Gene Kim,"Kim, Gene","Kevin Behr, George Spafford",988262592,9.78099E+12,5,4.27,IT Revolution Press,Hardcover,345,2013,2013,,4/23/2020,bussiness-self-development,bussiness-self-development (#4),read,,,,1,0
472331,Watchmen,Alan Moore,"Moore, Alan","Dave Gibbons, John    Higgins",930289234,9.78093E+12,3,4.37,DC Comics,Paperback,416,2005,1987,,4/23/2020,graphic-novels,graphic-novels (#7),read,,,,1,0
19030845,Batman: The Dark Knight Returns #1,Frank Miller,"Miller, Frank",John Lysmand,,,3,4.27,DC,Kindle Edition,50,2019,1986,,4/23/2020,graphic-novels,graphic-novels (#6),read,,,,1,0
5805,V for Vendetta,Alan Moore,"Moore, Alan",David   Lloyd,1401207928,9.7814E+12,4,4.26,Vertigo,Hardcover,296,2005,1990,,4/23/2020,graphic-novels,graphic-novels (#5),read,,,,1,0
93335,Absolute Kingdom Come,Mark Waid,"Waid, Mark",Alex Ross,1401207685,9.7814E+12,4,4.26,DC Comics,Hardcover,340,2012,1996,5/13/2020,5/12/2020,graphic-novels,graphic-novels (#4),read,,,,1,0
15196,"Maus I: A Survivor's Tale: My Father Bleeds History (Maus, #1)",Art Spiegelman,"Spiegelman, Art",,394541553,9.78039E+12,4,4.37,Pantheon Books,Hardcover,159,1991,1986,6/1/2020,5/28/2020,graphic-novels,graphic-novels (#3),read,,,,1,0
15197,Maus II: A Survivor's Tale: And Here My Troubles Began,Art Spiegelman,"Spiegelman, Art",,679729771,9.78068E+12,5,4.39,Pantheon Books,Paperback,144,1992,1991,6/6/2020,6/1/2020,graphic-novels,graphic-novels (#2),read,,,,1,0
8112865,No Excuses!: The Power of Self-Discipline,Brian Tracy,"Tracy, Brian",,1593155824,9.78159E+12,3,4.01,Carroll & Graf,Paperback,304,2010,2010,,6/8/2020,bussiness-self-development,bussiness-self-development (#3),read,,,,1,0
15756830,The Five Elements of Effective Thinking,Edward B. Burger,"Burger, Edward B.",Michael Starbird,9780691156,,3,4,Princeton University Press,Hardcover,136,2012,2012,,6/13/2020,bussiness-self-development,bussiness-self-development (#2),read,,,,1,0
28815,Influence: The Psychology of Persuasion,Robert B. Cialdini,"Cialdini, Robert B.",,006124189X,9.78006E+12,3,4.2,Harper Business,Paperback,320,2006,1984,,6/21/2020,bussiness-self-development,bussiness-self-development (#1),read,,,,1,0
22369,"All-Star Superman, Vol. 1",Grant Morrison,"Morrison, Grant",Frank Quitely,1401209149,9.7814E+12,4,4.09,DC Comics,Hardcover,160,2007,2007,7/1/2020,6/28/2020,graphic-novels,graphic-novels (#1),read,,,,1,0
117,Heretics of Dune (Dune Chronicles #5),Frank Herbert,"Herbert, Frank",,441328008,9.78044E+12,3,3.88,Ace Books,Mass Market Paperback,471,1987,1984,6/28/2020,6/6/2020,,,read,,,,1,0
29219366,"El dios asesinado en el servicio de caballeros (Parabellum, #1)",Sergio Sánchez Morán,"Morán, Sergio Sánchez",,8415831862,9.78842E+12,0,3.84,Fantascy,Paperback,333,2016,2016,,6/24/2020,to-read,to-read (#8),to-read,,,,0,0
39286958,Measure What Matters,John E. Doerr,"Doerr, John E.",,,,0,4,Penguin,Kindle Edition,320,2018,2017,,6/21/2020,to-read,to-read (#7),to-read,,,,0,0
31869155,The Captain Class: The Hidden Force that Creates the World's Greatest Teams,Sam  Walker,"Walker, Sam",,812997190,9.78081E+12,0,4.02,Random House,Hardcover,352,2017,2016,,6/6/2020,to-read,to-read (#6),to-read,,,,0,0
42432,God Emperor of Dune (Dune Chronicles #4),Frank Herbert,"Herbert, Frank",,575075066,9.78058E+12,3,3.87,Victor Gollancz,Paperback,454,2003,1981,5/28/2020,5/13/2020,,,read,,,,1,0
112,Children of Dune (Dune Chronicles #3),Frank Herbert,"Herbert, Frank",,,,3,3.95,Ace Books,Mass Market Paperback,408,1987,1976,5/12/2020,5/1/2020,,,read,,,,1,0
216363,The Man in the High Castle,Philip K. Dick,"Dick, Philip K.",,679740678,9.78068E+12,0,3.61,Vintage,Paperback,259,1992,1962,,4/28/2020,to-read,to-read (#5),to-read,,,,0,0
51606,Johnny Got His Gun,Dalton Trumbo,"Trumbo, Dalton",,806512814,9.78081E+12,0,4.19,Citadel,Paperback,309,2000,1939,,4/27/2020,to-read,to-read (#4),to-read,,,,0,0
607639,The Beach,Alex Garland,"Garland, Alex",Michael Page,1573226521,9.78157E+12,0,3.96,Riverhead Books,Paperback,436,1998,1996,,4/27/2020,to-read,to-read (#3),to-read,,,,0,0
106,"Dune Messiah (Dune Chronicles, #2)",Frank Herbert,"Herbert, Frank",,441172695,9.78044E+12,3,3.89,Ace Books,Mass Market Paperback,331,1987,1969,,4/27/2020,,,read,,,,1,0
68333,"Beggars in Spain (Sleepless, #1)",Nancy Kress,"Kress, Nancy",,60733489,9.78006E+12,0,3.93,Harper Voyager,Paperback,400,2004,1993,,4/25/2020,to-read,to-read (#2),to-read,,,,0,0
49392,"El psicoanalista (El psicoanalista, #1)",John Katzenbach,"Katzenbach, John",Laura Paredes,8496546489,9.7885E+12,3,4.12,Ediciones B,Paperback,528,2006,2002,,4/25/2020,,,read,,,,1,0
7624,Lord of the Flies,William Golding,"Golding, William",,140283331,9.78014E+12,3,3.69,Penguin Books ,Paperback,182,1999,1954,,4/25/2020,,,read,,,,1,0
256683,"City of Bones (The Mortal Instruments, #1)",Cassandra Clare,"Clare, Cassandra",,1416914285,9.78142E+12,3,4.08,Margaret K. McElderry Books,Hardcover,485,2007,2007,,4/24/2020,,,read,,,,1,0
19063,The Book Thief,Markus Zusak,"Zusak, Markus",,,,4,4.39,Alfred A. Knopf,Hardcover,552,2006,2006,,4/23/2020,,,read,,,,1,0
6288,The Road,Cormac McCarthy,"McCarthy, Cormac",,307265439,9.78031E+12,3,3.98,Alfred A. Knopf,Hardcover,241,2006,2006,,4/23/2020,,,read,,,,1,0
29556103,El príncipe,Niccolò Machiavelli,"Machiavelli, Niccolò",Nicolás Maquiavelo,,,4,3.83,Book&You,Kindle Edition,132,2016,1513,,4/23/2020,,,read,,,,1,0
1848856,La Gesta del Marrano,Marcos Aguinis,"Aguinis, Marcos",,,,4,4.2,Planeta,Paperback,536,2003,1991,,4/23/2020,,,read,,,,1,0
54984,"La catedral del mar (La catedral del mar, #1)",Ildefonso Falcones,"Falcones, Ildefonso",,,9.78843E+12,4,4.14,Grijalbo,Hardcover,672,2006,2006,,4/23/2020,,,read,,,,1,0
11336485,"Metro 2033 (Metro, #1)",Dmitry Glukhovsky,"Glukhovsky, Dmitry",Joan Josep Mussarra Roca,8448039807,9.78845E+12,0,4,Timun mas,Paperback,541,2009,2002,,4/23/2020,to-read,to-read (#1),to-read,,,,0,0
10614,Misery,Stephen King,"King, Stephen",,450417395,9.78045E+12,5,4.2,New English Library,Paperback,370,1988,1987,,4/23/2020,,,read,,,,1,0
11125,Digital Fortress,Dan Brown,"Brown, Dan",,,,3,3.68,Corgi books,Paperback,510,2004,1998,,4/23/2020,,,read,,,,1,0
67660,"La ciudad de las bestias (Las memorias del Águila y el Jaguar, #1)",Isabel Allende,"Allende, Isabel",,9875660140,9.78988E+12,2,3.73,Debolsillo,Paperback,295,2005,2002,,4/23/2020,,,read,,,,1,0
845333,"The Gaucho Martín Fierro (Martín Fierro, #1)",José Hernández,"Hernández, José","Frank G. Carrino, Alberto J. Carlos, Norman Mangouni",873952847,9.78087E+12,5,3.79,State University of New York Press,Paperback,99,1974,1872,,4/23/2020,,,read,,,,1,0
8446189,"La vuelta de Martín Fierro (Martín Fierro, #2)",José Hernández,"Hernández, José",,,,5,3.49,,Kindle Edition,,,1879,,4/23/2020,,,read,,,,1,0
5759,Fight Club,Chuck Palahniuk,"Palahniuk, Chuck",,393327345,9.78039E+12,5,4.19,W.W. Norton & Company (NYC),Paperback,218,2005,1996,,4/23/2020,,,read,,,,1,0
77203,The Kite Runner,Khaled Hosseini,"Hosseini, Khaled",,,,4,4.33,Riverhead Books,Paperback,371,2004,2003,,4/23/2020,,,read,,,,1,0
2767052,"The Hunger Games (The Hunger Games, #1)",Suzanne Collins,"Collins, Suzanne",,439023483,9.78044E+12,4,4.32,Scholastic Press,Hardcover,374,2008,2008,,4/23/2020,,,read,,,,1,0
2657,To Kill a Mockingbird,Harper Lee,"Lee, Harper",,,,4,4.27,Harper Perennial Modern Classics ,Paperback,336,2006,1960,,4/23/2020,,,read,,,,1,0
1953,A Tale of Two Cities,Charles Dickens,"Dickens, Charles",Richard Maxwell,141439602,9.78014E+12,1,3.86,Penguin Books,Paperback,489,2003,1859,,4/23/2020,,,read,,,,1,0
32499,The Pelican Brief,John Grisham,"Grisham, John",,385339704,9.78039E+12,4,4.04,Delta,Paperback,400,2006,1992,,4/23/2020,,,read,,,,1,0
10572,"A Clash of Kings  (A Song of Ice and Fire, #2)",George R.R. Martin,"Martin, George R.R.",,553381695,9.78055E+12,3,4.41,Bantam,Paperback,969,2002,1998,,4/23/2020,,,read,,,,1,0
13496,"A Game of Thrones (A Song of Ice and Fire, #1)",George R.R. Martin,"Martin, George R.R.",,553588486,9.78055E+12,4,4.44,Bantam,Mass Market Paperback,835,2005,1996,,4/23/2020,,,read,,,,1,0
157993,The Little Prince,Antoine de Saint-Exupéry,"Saint-Exupéry, Antoine de",Richard Howard,,,5,4.32,"Harcourt, Inc.",Paperback,96,2000,1943,,4/23/2020,,,read,,,,1,0
3590,"The Adventures of Sherlock Holmes (Sherlock Holmes, #3)",Arthur Conan Doyle,"Doyle, Arthur Conan",,,,4,4.3,Oxford University Press,Paperback,389,1998,1892,,4/23/2020,,,read,,,,1,0
8921,"The Hound of the Baskervilles (Sherlock Holmes, #5)",Arthur Conan Doyle,"Doyle, Arthur Conan","Anne Perry, Lígia Junqueira, Mark Hallaq",,,3,4.13,Signet,Mass Market Paperback,256,2001,1901,,4/23/2020,,,read,,,,1,0
890,Of Mice and Men,John Steinbeck,"Steinbeck, John",,142000671,9.78014E+12,2,3.88,Penguin Books,Paperback,112,2002,1937,,4/23/2020,,,read,,,,1,0
597790,The Children of Húrin,J.R.R. Tolkien,"Tolkien, J.R.R.","Christopher Tolkien, Alan       Lee",7246226,9.78001E+12,2,4,HarperCollins,Hardcover,315,2007,2007,,4/23/2020,,,read,,,,1,0
32827,"From the Earth to the Moon (Extraordinary Voyages, #4)",Jules Verne,"Verne, Jules",,1598184547,9.7816E+12,4,3.77,Aegypan,Paperback,136,2006,1865,,4/23/2020,,,read,,,,1,0
32829,Journey to the Center of the Earth,Jules Verne,"Verne, Jules",,553213970,9.78055E+12,4,3.86,Bantam,Paperback,240,2006,1864,,4/23/2020,,,read,,,,1,0
10534,The Art of War,Sun Tzu,"Tzu, Sun",Thomas Cleary,,,4,3.97,Harper Press,Paperback,273,2005,-500,,4/23/2020,,,read,,,,1,0
6656,The Divine Comedy,Dante Alighieri,"Alighieri, Dante","Allen Mandelbaum, Eugenio Montale, Peter Armour, Sandro Botticelli",679433139,9.78068E+12,4,4.07,Everyman's Library,Hardcover,798,1995,1320,,4/23/2020,,,read,,,,1,0
18705209,"The Blood of Olympus (The Heroes of Olympus, #5)",Rick Riordan,"Riordan, Rick",,1484724917,9.78142E+12,4,4.43,Disney-Hyperion Books,Hardcover,516,2014,2014,,4/23/2020,,,read,,,,1,0
7736182,"The Lost Hero (The Heroes of Olympus, #1)",Rick Riordan,"Riordan, Rick",,142311339X,9.78142E+12,4,4.32,Disney-Hyperion Books,Hardcover,553,2010,2010,,4/23/2020,,,read,,,,1,0
9520360,"The Son of Neptune (The Heroes of Olympus, #2)",Rick Riordan,"Riordan, Rick",,1423140591,9.78142E+12,4,4.42,Disney-Hyperion Books,Hardcover,521,2011,2011,,4/23/2020,,,read,,,,1,0
12127810,"The House of Hades (The Heroes of Olympus, #4)",Rick Riordan,"Riordan, Rick",,1423146727,9.78142E+12,5,4.55,Disney-Hyperion Books,Hardcover,597,2013,2013,,4/23/2020,,,read,,,,1,0
12127750,"The Mark of Athena (The Heroes of Olympus, #3)",Rick Riordan,"Riordan, Rick",,1423140605,9.78142E+12,4,4.46,Disney-Hyperion Books,Hardcover,586,2012,2012,,4/23/2020,,,read,,,,1,0
4502507,"The Last Olympian (Percy Jackson and the Olympians, #5)",Rick Riordan,"Riordan, Rick",,739380338,9.78074E+12,4,4.53,,Audio CD,387,2009,2009,,4/23/2020,,,read,,,,1,0
561456,"The Titan's Curse (Percy Jackson and the Olympians, #3)",Rick Riordan,"Riordan, Rick",,141382899,9.78014E+12,3,4.36,Puffin Books,Paperback,320,2007,2007,,4/23/2020,,,read,,,,1,0
2120932,"The Battle of the Labyrinth (Percy Jackson and the Olympians, #4)",Rick Riordan,"Riordan, Rick",,,,4,4.41,Hyperion Books for Children,Hardcover,361,2008,2008,,4/23/2020,,,read,,,,1,0
28186,"The Sea of Monsters (Percy Jackson and the Olympians, #2)",Rick Riordan,"Riordan, Rick",,786856866,9.78079E+12,5,4.24,Hyperion Books,Hardcover,279,2006,2006,,4/23/2020,,,read,,,,1,0
25074850,"The Girl in the Spider's Web (Millennium, #4)",David Lagercrantz,"Lagercrantz, David","Stieg Larsson, George Goulding",385354282,9.78039E+12,3,3.79,Knopf,Hardcover,400,2015,2015,,4/23/2020,,,read,,,,1,0
2429135,"The Girl with the Dragon Tattoo (Millennium, #1)",Stieg Larsson,"Larsson, Stieg",Reg Keeland,,,5,4.16,Knopf,Hardcover,480,2008,2005,,4/23/2020,,,read,,,,1,0
6892870,"The Girl Who Kicked the Hornet's Nest (Millennium, #3)",Stieg Larsson,"Larsson, Stieg",Reg Keeland,030726999X,9.78031E+12,5,4.23,Knopf,Hardcover,566,2010,2007,,4/23/2020,,,read,,,,1,0
5060378,"The Girl Who Played with Fire (Millennium, #2)",Stieg Larsson,"Larsson, Stieg",Reg Keeland,307269981,9.78031E+12,4,4.25,Alfred A. Knopf,Hardcover,503,2009,2006,,4/23/2020,,,read,,,,1,0
15241,"The Two Towers (The Lord of the Rings, #2)",J.R.R. Tolkien,"Tolkien, J.R.R.","Peter S. Beagle, Дж.Р.Р. Толкін, Аліна Немірова, П. Риженко",618346260,9.78062E+12,4,4.47,Houghton Mifflin,Paperback,322,2003,1954,,4/23/2020,,,read,,,,1,0
34,"The Fellowship of the Ring (The Lord of the Rings, #1)",J.R.R. Tolkien,"Tolkien, J.R.R.","Francis Ledoux, Maria Skibniewska",618346252,9.78062E+12,4,4.38,Houghton Mifflin Harcourt,Paperback,398,2003,1954,,4/23/2020,,,read,,,,1,0
31394757,La casa de los espíritus,Isabel Allende,"Allende, Isabel",,525433473,9.78053E+12,5,4.26,Vintage Espanol,Paperback,560,2017,1982,,4/23/2020,,,read,,,,1,0
370523,Cien años de soledad,Gabriel García Márquez,"Márquez, Gabriel García",,8420471836,9.78842E+12,3,4.1,Alfaguara,Hardcover,752,2007,1967,,4/23/2020,,,read,,,,1,0
5107,The Catcher in the Rye,J.D. Salinger,"Salinger, J.D.",,316769177,9.78032E+12,3,3.81,Back Bay Books,Paperback,277,2001,1951,,4/23/2020,,,read,,,,1,0
65605,"The Magician's Nephew (Chronicles of Narnia, #6)",C.S. Lewis,"Lewis, C.S.",,60764902,9.78006E+12,5,4.05,HarperCollins Publishers,Paperback,221,2005,1955,,4/23/2020,,,read,,,,1,0
100915,"The Lion, the Witch and the Wardrobe (Chronicles of Narnia, #1)",C.S. Lewis,"Lewis, C.S.","Tormod Haugen, Per Svein Paulsen",,,3,4.23,HarperCollins Publishers,Paperback,206,2005,1950,,4/23/2020,,,read,,,,1,0
84119,"The Horse and His Boy (Chronicles of Narnia, #5)",C.S. Lewis,"Lewis, C.S.",,439861365,9.78044E+12,3,3.91,Scholastic Inc,Paperback,224,1995,1954,,4/23/2020,,,read,,,,1,0
121749,"Prince Caspian (Chronicles of Narnia, #2)",C.S. Lewis,"Lewis, C.S.",,000720230X,9.78001E+12,3,3.98,HarperCollins Publishers,Hardcover,240,2005,1951,,4/23/2020,,,read,,,,1,0
84369,"The Last Battle (Chronicles of Narnia, #7)",C.S. Lewis,"Lewis, C.S.",,7202326,9.78001E+12,3,4.01,HarperCollins Publishers,Paperback,288,2005,1956,,4/23/2020,,,read,,,,1,0
140225,"The Voyage of the Dawn Treader (Chronicles of Narnia, #3)",C.S. Lewis,"Lewis, C.S.",Pauline Baynes,006112527X,9.78006E+12,3,4.09,HarperCollins,Hardcover,248,2006,1952,,4/23/2020,,,read,,,,1,0
65641,"The Silver Chair (Chronicles of Narnia, #4)",C.S. Lewis,"Lewis, C.S.",Pauline Baynes,,,3,3.96,HarperCollins,Paperback,243,2008,1953,,4/23/2020,,,read,,,,1,0
1162543,"Breaking Dawn (The Twilight Saga, #4)",Stephenie Meyer,"Meyer, Stephenie",,031606792X,9.78032E+12,4,3.72,"Little, Brown and Company",Hardcover,756,2008,2008,,4/23/2020,,,read,,,,1,0
49041,"New Moon (The Twilight Saga, #2)",Stephenie Meyer,"Meyer, Stephenie",Sylke Hachmeister,,,2,3.58,"Little, Brown and Company",Hardcover,563,2006,2006,,4/23/2020,,,read,,,,1,0
428263,"Eclipse (The Twilight Saga, #3)",Stephenie Meyer,"Meyer, Stephenie",,316160202,9.78032E+12,2,3.71,"Little, Brown and Company",Hardcover,629,2007,2007,,4/23/2020,,,read,,,,1,0
41865,"Twilight (The Twilight Saga, #1)",Stephenie Meyer,"Meyer, Stephenie",,316015849,9.78032E+12,3,3.63,"Little, Brown and Company",Paperback,498,2006,2005,,4/23/2020,,,read,,,,1,0
15839976,"Red Rising (Red Rising Saga, #1)",Pierce Brown,"Brown, Pierce",,345539788,9.78035E+12,3,4.26,Del Rey,Hardcover,382,2014,2014,,4/23/2020,,,read,,,,1,0
509784,The End of Eternity,Isaac Asimov,"Asimov, Isaac",Apostol András,449016196,9.78045E+12,3,4.24,Fawcett Crest,Mass Market Paperback,192,1971,1955,,4/23/2020,,,read,,,,1,0
76679,Forward the Foundation (Foundation: Prequel #2),Isaac Asimov,"Asimov, Isaac",,553565079,9.78055E+12,3,4.15,Bantam/Spectra,Paperback,464,1994,1993,,4/23/2020,,,read,,,,1,0
29582,"Foundation and Earth (Foundation, #5)",Isaac Asimov,"Asimov, Isaac",,553587579,9.78055E+12,3,4.07,Spectra,Paperback,528,2004,1986,,4/23/2020,,,read,,,,1,0
76683,"Foundation's Edge (Foundation, #4)",Isaac Asimov,"Asimov, Isaac",,553293389,9.78055E+12,3,4.16,Bantam/Spectra,Paperback,450,2010,1982,,4/23/2020,,,read,,,,1,0
29580,"Second Foundation (Foundation, #3)",Isaac Asimov,"Asimov, Isaac",,553803735,9.78055E+12,4,4.26,Bantam Spectra,Hardcover,256,2004,1953,,4/23/2020,,,read,,,,1,0
29581,"Foundation and Empire (Foundation, #2)",Isaac Asimov,"Asimov, Isaac",,553803727,9.78055E+12,4,4.22,Spectra Books,Hardcover,244,2004,1952,,4/23/2020,,,read,,,,1,0
234225,Dune (Dune #1),Frank Herbert,"Herbert, Frank",,340839937,9.78034E+12,3,4.25,Hodder & Stoughton,Paperback,604,2006,1965,,4/23/2020,,,read,,,,1,0
17245,Dracula,Bram Stoker,"Stoker, Bram","Rubén Toledo, Nina Auerbach, David J. Skal",393970124,9.78039E+12,5,4.01,Norton,Paperback,488,1986,1897,,4/23/2020,,,read,,,,1,0
7613,Animal Farm,George Orwell,"Orwell, George","Chris Mould, Αύγουστος Κορτώ, Boris Grabnar, Celâl Üster, Николай Николов, Κυριάκος Ντελόπουλος, Peter Škerl, Pau Masiques, José Manuel Moreno Cidoncha, Τζωρτζ Όργουελ, Celâl Üstüner",452284244,9.78045E+12,5,3.98,NAL,Paperback,122,2003,1945,,4/23/2020,,,read,,,,1,0
11782243,The Island,Aldous Huxley,"Huxley, Aldous",,,,4,3.86,,,,,1962,,4/23/2020,,,read,,,,1,0
16322,"The A.B.C. Murders (Hercule Poirot, #12)",Agatha Christie,"Christie, Agatha",,1579126243,9.78158E+12,3,4.03,Black Dog & Leventhal Publishers,Hardcover,232,2006,1936,,4/23/2020,,,read,,,,1,0
16328,"The Murder of Roger Ackroyd (Hercule Poirot, #3)",Agatha Christie,"Christie, Agatha",Anders Mossling,1579126278,9.78158E+12,5,4.26,Black Dog & Leventhal Publishers,Hardcover,288,2006,1926,,4/23/2020,,,read,,,,1,0
853510,"Murder on the Orient Express (Hercule Poirot, #9)",Agatha Christie,"Christie, Agatha",,7119313,9.78001E+12,4,4.2,HarperCollins,Paperback,274,2007,1934,,4/23/2020,,,read,,,,1,0
16299,And Then There Were None,Agatha Christie,"Christie, Agatha",,312330871,9.78031E+12,3,4.28,St. Martin's Press,Paperback,264,2004,1939,,4/23/2020,,,read,,,,1,0
49628,Cloud Atlas,David Mitchell,"Mitchell, David",,375507256,9.78038E+12,3,4.01,Random House,Paperback,509,2004,2004,,4/23/2020,,,read,,,,1,0
18007564,The Martian,Andy Weir,"Weir, Andy",,804139024,9.7808E+12,4,4.41,Crown,Hardcover,384,2014,2011,,4/23/2020,,,read,,,,1,0
68429,"The Well of Ascension (Mistborn, #2)",Brandon Sanderson,"Sanderson, Brandon",,765316889,9.78077E+12,4,4.38,Tor Books,Hardcover,590,2007,2007,,4/23/2020,,,read,,,,1,0
2767793,"The Hero of Ages (Mistborn, #3)",Brandon Sanderson,"Sanderson, Brandon",,765316897,9.78077E+12,4,4.51,Tor Books,Hardcover,572,2008,2008,,4/23/2020,,,read,,,,1,0
68428,"The Final Empire (Mistborn, #1)",Brandon Sanderson,"Sanderson, Brandon",,,9.78077E+12,4,4.47,Tor Books,Hardcover,541,2006,2006,,4/23/2020,,,read,,,,1,0
186074,"The Name of the Wind (The Kingkiller Chronicle, #1)",Patrick Rothfuss,"Rothfuss, Patrick",,075640407X,9.78076E+12,5,4.52,Penguin Group DAW,Hardcover,662,2007,2007,,2/28/2019,,,read,,,,1,0
28170940,"Lethal White (Cormoran Strike, #4)",Robert Galbraith,"Galbraith, Robert",,751572853,9.78075E+12,3,4.24,Sphere,Hardcover,650,2018,2018,,4/23/2020,,,read,,,,1,0
25735012,"Career of Evil (Cormoran Strike, #3)",Robert Galbraith,"Galbraith, Robert",,316349933,9.78032E+12,3,4.21,Mulholland Books,Hardcover,512,2015,2015,,4/23/2020,,,read,,,,1,0
18214414,"The Silkworm (Cormoran Strike, #2)",Robert Galbraith,"Galbraith, Robert",,316206873,9.78032E+12,3,4.04,Mulholland Books,Hardcover,464,2014,2014,,4/23/2020,,,read,,,,1,0
16160797,"The Cuckoo's Calling (Cormoran Strike, #1)",Robert Galbraith,"Galbraith, Robert",,316206849,9.78032E+12,3,3.88,Mulholland Books,Hardcover,456,2013,2013,,4/23/2020,,,read,,,,1,0
15881,"Harry Potter and the Chamber of Secrets (Harry Potter, #2)",J.K. Rowling,"Rowling, J.K.",Mary GrandPré,,,4,4.43,Arthur A. Levine Books,Hardcover,341,1999,1998,,4/23/2020,,,read,,,,1,0
136251,"Harry Potter and the Deathly Hallows (Harry Potter, #7)",J.K. Rowling,"Rowling, J.K.",,,,5,4.62,Arthur A. Levine Books,Hardcover,759,2007,2007,,4/23/2020,,,read,,,,1,0
29056083,"Harry Potter and the Cursed Child: Parts One and Two (Harry Potter, #8)",John Tiffany,"Tiffany, John","Jack Thorne, J.K. Rowling",,,2,3.52,"Little, Brown",Hardcover,343,2016,2016,,4/23/2020,,,read,,,,1,0
2,"Harry Potter and the Order of the Phoenix (Harry Potter, #5)",J.K. Rowling,"Rowling, J.K.",Mary GrandPré,,,3,4.5,Scholastic Inc.,Paperback,912,2004,2003,,4/23/2020,,,read,,,,1,0
1,"Harry Potter and the Half-Blood Prince (Harry Potter, #6)",J.K. Rowling,"Rowling, J.K.",,,,4,4.58,Scholastic Inc.,Paperback,652,2006,2005,,4/23/2020,,,read,,,,1,0
6,"Harry Potter and the Goblet of Fire (Harry Potter, #4)",J.K. Rowling,"Rowling, J.K.","Mary GrandPré, Jim Kay",,,5,4.57,Scholastic,Paperback,734,2002,2000,,4/23/2020,,,read,,,,1,0
5,"Harry Potter and the Prisoner of Azkaban (Harry Potter, #3)",J.K. Rowling,"Rowling, J.K.",Mary GrandPré,043965548X,9.78044E+12,5,4.58,Scholastic Inc.,Mass Market Paperback,435,2004,1999,,4/23/2020,,,read,,,,1,0
149267,The Stand,Stephen King,"King, Stephen",Bernie Wrightson,,,4,4.34,Doubleday Books,Hardcover,1152,1990,1978,,4/23/2020,,,read,,,,1,0
6320534,Under the Dome,Stephen King,"King, Stephen",,1439148503,9.78144E+12,3,3.91,Scribner,Hardcover,1074,2009,2009,,4/23/2020,,,read,,,,1,0
10592,Carrie,Stephen King,"King, Stephen",,1416524304,9.78142E+12,3,3.98,Pocket Books,Mass Market Paperback,253,2005,1974,,4/23/2020,,,read,,,,1,0
12341557,The Wind Through the Keyhole,Stephen King,"King, Stephen",Jae Lee,,,3,4.15,Scribner,Kindle Edition,322,2012,2012,,4/23/2020,,,read,,,,1,0
5093,"Song of Susannah (The Dark Tower, #6)",Stephen King,"King, Stephen",Darrel Anderson,1416521496,,3,3.99,Pocket Books,Mass Market Paperback,544,2006,2004,,4/23/2020,,,read,,,,1,0
4978,"Wolves of the Calla (The Dark Tower, #5)",Stephen King,"King, Stephen",Bernie Wrightson,141651693X,9.78142E+12,4,4.19,Pocket Books,Mass Market Paperback,931,2006,2003,,4/23/2020,,,read,,,,1,0
5091,"The Dark Tower (The Dark Tower, #7)",Stephen King,"King, Stephen",Michael   Whelan,,,4,4.27,Pocket Books,Paperback,1050,2006,2004,,4/23/2020,,,read,,,,1,0
5096,"Wizard and Glass (The Dark Tower, #4)",Stephen King,"King, Stephen",Dave McKean,340829788,9.78034E+12,3,4.25,New English Library,Paperback,845,2003,1997,,4/23/2020,,,read,,,,1,0
34084,"The Waste Lands (The Dark Tower, #3)",Stephen King,"King, Stephen",Ned Dameron,670032565,9.78067E+12,4,4.24,Viking Adult,Hardcover,422,2003,1991,,4/23/2020,,,read,,,,1,0
5094,"The Drawing of the Three (The Dark Tower, #2)",Stephen King,"King, Stephen",,451210859,9.78045E+12,5,4.23,Signet,Paperback,463,2003,1987,,4/23/2020,,,read,,,,1,0
16101128,"The 5th Wave (The 5th Wave, #1)",Rick Yancey,"Yancey, Rick",,399162410,9.7804E+12,1,4.02,G.P. Putnam's Sons Books for Young Readers,Hardcover,457,2013,2013,,2/28/2019,,,read,,,,1,0
6186357,"The Maze Runner (The Maze Runner, #1)",James Dashner,"Dashner, James",,385737947,9.78039E+12,4,4.04,Delacorte Press,Hardcover,384,2009,2009,,2/28/2019,,,read,,,,1,0
30013,Prelude to Foundation,Isaac Asimov,"Asimov, Isaac",,,,3,4.15,Voyager,Paperback,464,1994,1988,,2/28/2019,,,read,,,,1,0
29579,"Foundation (Foundation, #1)",Isaac Asimov,"Asimov, Isaac",,553803719,9.78055E+12,5,4.17,Bantam,Hardcover,244,2004,1951,,2/28/2019,,,read,,,,1,0
5129,Brave New World,Aldous Huxley,"Huxley, Aldous",,60929871,9.78006E+12,4,3.99,HarperPerennial / Perennial Classics,Paperback,268,1998,1932,,2/28/2019,,,read,,,,1,0
40961427,1984,George Orwell,"Orwell, George",,,,5,4.19,Houghton Mifflin Harcourt,Kindle Edition,298,2013,1949,,2/28/2019,,,read,,,,1,0
13079982,Fahrenheit 451,Ray Bradbury,"Bradbury, Ray",,,,2,3.98,Simon & Schuster,Kindle Edition,194,2011,1953,,2/28/2019,,,read,,,,1,0
43615,"The Gunslinger (The Dark Tower, #1)",Stephen King,"King, Stephen",,,,4,3.94,Plume,Paperback,231,2003,1982,,2/28/2019,,,read,,,,1,0
28187,"The Lightning Thief (Percy Jackson and the Olympians, #1)",Rick Riordan,"Riordan, Rick",,,,4,4.29,Disney Hyperion Books,Paperback,377,2006,2005,,2/28/2019,,,read,,,,1,0
30165203,"American Gods (American Gods, #1)",Neil Gaiman,"Gaiman, Neil",,,,1,4.11,William Morrow,Kindle Edition,635,2011,2001,,2/28/2019,,,read,,,,1,0
5907,The Hobbit,J.R.R. Tolkien,"Tolkien, J.R.R.","Douglas A. Anderson, Michael Hague, Jemima Catlin",,,5,4.28,Houghton Mifflin,Paperback,366,2002,1937,,2/28/2019,,,read,,,,1,0
3,"Harry Potter and the Sorcerer's Stone (Harry Potter, #1)",J.K. Rowling,"Rowling, J.K.",,,,5,4.47,Scholastic Inc,Hardcover,309,2003,1997,,2/28/2019,,,read,,,,1,0
